<keymap version="1" name="macOS copy 1" parent="Mac OS X 10.5+">
  <action id="ActivateFindToolWindow" />
  <action id="ActivateLogcatToolWindow">
    <keyboard-shortcut first-keystroke="meta 3" />
  </action>
  <action id="CleanGradleProject">
    <keyboard-shortcut first-keystroke="ctrl alt c" />
  </action>
  <action id="FileChooser.GotoModule" />
  <action id="Terminal.CopySelectedText">
    <keyboard-shortcut first-keystroke="meta insert" />
  </action>
  <action id="Terminal.Paste">
    <keyboard-shortcut first-keystroke="shift insert" />
  </action>
</keymap>