<keymap version="1" name="macOS copy" parent="Mac OS X 10.5+">
  <action id="ActivateBuildToolWindow">
    <keyboard-shortcut first-keystroke="meta 4" />
  </action>
  <action id="ActivateBuildVariantsToolWindow">
    <keyboard-shortcut first-keystroke="meta 5" />
  </action>
  <action id="ActivateDebugToolWindow" />
  <action id="ActivateFavoritesToolWindow" />
  <action id="ActivateFindToolWindow" />
  <action id="ActivateLogcatToolWindow">
    <keyboard-shortcut first-keystroke="meta 3" />
  </action>
  <action id="ActivateRunToolWindow" />
  <action id="ActivateTerminalToolWindow" />
  <action id="ActivateVersionControlToolWindow">
    <keyboard-shortcut first-keystroke="meta 2" />
  </action>
  <action id="AndroidConnectDebuggerAction">
    <keyboard-shortcut first-keystroke="ctrl alt d" />
  </action>
  <action id="Back">
    <keyboard-shortcut first-keystroke="meta open_bracket" />
    <mouse-shortcut keystroke="button4" />
    <keyboard-shortcut first-keystroke="ctrl meta left" />
    <keyboard-shortcut first-keystroke="ctrl q" />
  </action>
  <action id="CIDR.Lang.SwitchHeaderSource" />
  <action id="ChooseDebugConfiguration" />
  <action id="CleanGradleProject">
    <keyboard-shortcut first-keystroke="ctrl alt c" />
  </action>
  <action id="CloseContent">
    <keyboard-shortcut first-keystroke="meta w" />
    <mouse-shortcut keystroke="button2" />
  </action>
  <action id="DuplicatesForm.SendToRight" />
  <action id="EditorCreateRectangularSelectionOnMouseDrag" />
  <action id="EditorDown">
    <keyboard-shortcut first-keystroke="down" />
  </action>
  <action id="EditorLineEnd">
    <keyboard-shortcut first-keystroke="end" />
    <keyboard-shortcut first-keystroke="meta right" />
  </action>
  <action id="EditorPasteFromX11" />
  <action id="FileChooser.GotoModule" />
  <action id="FileChooser.GotoProject" />
  <action id="FindUsages">
    <keyboard-shortcut first-keystroke="ctrl u" />
  </action>
  <action id="Forward">
    <keyboard-shortcut first-keystroke="ctrl meta right" />
    <keyboard-shortcut first-keystroke="ctrl e" />
    <mouse-shortcut keystroke="button5" />
  </action>
  <action id="Generate">
    <keyboard-shortcut first-keystroke="ctrl n" />
  </action>
  <action id="GotoDeclaration">
    <keyboard-shortcut first-keystroke="meta b" />
    <mouse-shortcut keystroke="meta button1" />
    <mouse-shortcut keystroke="Force touch" />
  </action>
  <action id="IntroduceField">
    <keyboard-shortcut first-keystroke="ctrl meta f" />
  </action>
  <action id="NavBar-selectEnd">
    <keyboard-shortcut first-keystroke="end" />
    <keyboard-shortcut first-keystroke="meta right" />
  </action>
  <action id="NewClass">
    <keyboard-shortcut first-keystroke="ctrl meta j" />
  </action>
  <action id="QuickEvaluateExpression">
    <keyboard-shortcut first-keystroke="meta alt f8" />
  </action>
  <action id="RearrangeCode">
    <keyboard-shortcut first-keystroke="ctrl s" />
  </action>
  <action id="Resume">
    <keyboard-shortcut first-keystroke="f9" />
  </action>
  <action id="ShowUsages">
    <mouse-shortcut keystroke="alt button1" />
  </action>
  <action id="StepInto">
    <keyboard-shortcut first-keystroke="f8" />
  </action>
  <action id="StepOut" />
  <action id="StepOver">
    <keyboard-shortcut first-keystroke="f7" />
  </action>
  <action id="ToggleFullScreen" />
  <action id="ToggleLineBreakpoint">
    <keyboard-shortcut first-keystroke="f10" />
  </action>
  <action id="UsageGrouping.FileStructure" />
  <action id="XDebugger.AttachToProcess" />
  <action id="android.deploy.ApplyChanges">
    <keyboard-shortcut first-keystroke="ctrl meta e" />
  </action>
  <action id="android.deploy.CodeSwap">
    <keyboard-shortcut first-keystroke="shift ctrl meta e" />
  </action>
</keymap>