<application>
  <component name="DesignSurface">
    <option name="filePathToZoomLevelMap">
      <map>
        <entry key="../../../../../layout/custom_preview.xml" value="0.4114583333333333" />
        <entry key="../../../../Library/Android/sdk/platforms/android-28/data/res/layout/simple_list_item_1.xml" value="0.5064814814814815" />
        <entry key="../../../.gradle/caches/transforms-2/files-2.1/372ae3cc0699e0bcf44c26759b8b351a/jetified-spx-ui-0.2.3-beta2/res/drawable/bg_selector_new_btn_positive_inset.xml" value="0.5645833333333333" />
        <entry key="../../../.gradle/caches/transforms-2/files-2.1/3885517fa35f019056429b8bfde6b4e8/jetified-spx-ui-0.2.3-beta2/res/drawable/bg_new_btn_ghost_ripple.xml" value="0.4739583333333333" />
        <entry key="../../../.gradle/caches/transforms-2/files-2.1/3885517fa35f019056429b8bfde6b4e8/jetified-spx-ui-0.2.3-beta2/res/drawable/bg_new_btn_positive_disable.xml" value="0.4739583333333333" />
        <entry key="../../../.gradle/caches/transforms-2/files-2.1/3885517fa35f019056429b8bfde6b4e8/jetified-spx-ui-0.2.3-beta2/res/drawable/bg_new_btn_positive_disable_floating.xml" value="0.4739583333333333" />
        <entry key="../../../.gradle/caches/transforms-2/files-2.1/3885517fa35f019056429b8bfde6b4e8/jetified-spx-ui-0.2.3-beta2/res/drawable/bg_new_btn_positive_floating.xml" value="0.3675925925925926" />
        <entry key="../../../.gradle/caches/transforms-2/files-2.1/3885517fa35f019056429b8bfde6b4e8/jetified-spx-ui-0.2.3-beta2/res/drawable/bg_new_btn_positive_ripple_floating.xml" value="0.39791666666666664" />
        <entry key="../../../.gradle/caches/transforms-2/files-2.1/3885517fa35f019056429b8bfde6b4e8/jetified-spx-ui-0.2.3-beta2/res/drawable/bg_selector_new_btn_acpositive.xml" value="0.4739583333333333" />
        <entry key="../../../.gradle/caches/transforms-2/files-2.1/3885517fa35f019056429b8bfde6b4e8/jetified-spx-ui-0.2.3-beta2/res/drawable/bg_selector_new_btn_negative.xml" value="0.4739583333333333" />
        <entry key="../../../.gradle/caches/transforms-2/files-2.1/3885517fa35f019056429b8bfde6b4e8/jetified-spx-ui-0.2.3-beta2/res/drawable/bg_selector_new_btn_negative_inset.xml" value="0.39791666666666664" />
        <entry key="../../../.gradle/caches/transforms-2/files-2.1/3885517fa35f019056429b8bfde6b4e8/jetified-spx-ui-0.2.3-beta2/res/drawable/bg_selector_new_btn_positive.xml" value="0.4739583333333333" />
        <entry key="../../../.gradle/caches/transforms-2/files-2.1/3885517fa35f019056429b8bfde6b4e8/jetified-spx-ui-0.2.3-beta2/res/drawable/bg_selector_new_btn_positive_floating.xml" value="0.4739583333333333" />
        <entry key="../../../.gradle/caches/transforms-2/files-2.1/3885517fa35f019056429b8bfde6b4e8/jetified-spx-ui-0.2.3-beta2/res/drawable/bg_selector_new_btn_positive_inset.xml" value="0.4739583333333333" />
        <entry key="../../../.gradle/caches/transforms-2/files-2.1/c97d2f238416fd9bd2a0b82f9acd53db/jetified-spx-ui-0.2.1/res/drawable/bg_gradient_orange_disable.xml" value="0.5645833333333333" />
        <entry key="../../../.gradle/caches/transforms-2/files-2.1/c97d2f238416fd9bd2a0b82f9acd53db/jetified-spx-ui-0.2.1/res/drawable/bg_selector_new_btn_positive_inset.xml" value="0.5645833333333333" />
        <entry key="../../../.gradle/caches/transforms-2/files-2.1/e12ac680321848662f6b516f7a257bf3/jetified-spx-ui-0.2.3-beta4/res/layout/spx_ui_item_choice_checkbox.xml" value="0.5453125" />
        <entry key="../../../Library/Android/sdk/platforms/android-30/data/res/layout/date_picker_month_item_material.xml" value="0.5453125" />
        <entry key="app/activitylifecycleprac/src/main/res/layout/activity_main.xml" value="0.3614583333333333" />
        <entry key="app/activitylifecycleprac/src/main/res/layout/activity_second.xml" value="0.37864583333333335" />
        <entry key="app/src/main/res/drawable-mdpi/home_selector_grey_color.xml" value="0.5645833333333333" />
        <entry key="app/src/main/res/drawable-v24/frame_color.xml" value="0.37777777777777777" />
        <entry key="app/src/main/res/drawable-v24/ic_launcher_background.xml" value="0.37777777777777777" />
        <entry key="app/src/main/res/drawable-v24/ic_launcher_foreground.xml" value="0.5645833333333333" />
        <entry key="app/src/main/res/drawable-v24/rounded_edittext.xml" value="0.37777777777777777" />
        <entry key="app/src/main/res/drawable-xhdpi/bg_selector_transaction_filter.xml" value="0.5645833333333333" />
        <entry key="app/src/main/res/drawable/base_selector_bg_new_radio.xml" value="0.5645833333333333" />
        <entry key="app/src/main/res/drawable/bg_check_pic_selector.xml" value="0.390194075587334" />
        <entry key="app/src/main/res/drawable/bg_error_tag.xml" value="0.5645833333333333" />
        <entry key="app/src/main/res/drawable/bg_gradient_green.xml" value="0.39791666666666664" />
        <entry key="app/src/main/res/drawable/bg_gradient_orange.xml" value="0.390194075587334" />
        <entry key="app/src/main/res/drawable/bg_grey_progress_download_file.xml" value="0.5645833333333333" />
        <entry key="app/src/main/res/drawable/bg_grey_rect_background_radius_4.xml" value="0.5645833333333333" />
        <entry key="app/src/main/res/drawable/bg_light_grey_rect_background_radius_20.xml" value="0.39791666666666664" />
        <entry key="app/src/main/res/drawable/bg_login_input_ok.xml" value="0.39791666666666664" />
        <entry key="app/src/main/res/drawable/bg_login_submit.xml" value="0.390194075587334" />
        <entry key="app/src/main/res/drawable/bg_my_account_tip.xml" value="0.5645833333333333" />
        <entry key="app/src/main/res/drawable/bg_new_btn_positive_disable_floating_new.xml" value="0.39791666666666664" />
        <entry key="app/src/main/res/drawable/bg_new_btn_positive_enable_floating_new.xml" value="0.3675925925925926" />
        <entry key="app/src/main/res/drawable/bg_new_btn_positive_ripple_floating_new.xml" value="0.39791666666666664" />
        <entry key="app/src/main/res/drawable/bg_new_dialog_shape.xml" value="0.5645833333333333" />
        <entry key="app/src/main/res/drawable/bg_progress_bar.xml" value="0.5645833333333333" />
        <entry key="app/src/main/res/drawable/bg_progress_round_blue.xml" value="0.5645833333333333" />
        <entry key="app/src/main/res/drawable/bg_progress_round_blue_new.xml" value="0.5645833333333333" />
        <entry key="app/src/main/res/drawable/bg_progress_round_yellow.xml" value="0.5416666666666666" />
        <entry key="app/src/main/res/drawable/bg_rect_dark_grey_radius_4.xml" value="0.5645833333333333" />
        <entry key="app/src/main/res/drawable/bg_rect_grey_f4f6f9_upper_radius_4.xml" value="0.5645833333333333" />
        <entry key="app/src/main/res/drawable/bg_rect_search_input.xml" value="0.5645833333333333" />
        <entry key="app/src/main/res/drawable/bg_rect_white_radius_2.xml" value="0.3194444444444444" />
        <entry key="app/src/main/res/drawable/bg_round_disabled_orange.xml" value="0.5645833333333333" />
        <entry key="app/src/main/res/drawable/bg_round_enabled_grey.xml" value="0.5645833333333333" />
        <entry key="app/src/main/res/drawable/bg_round_enabled_grey_smaller.xml" value="0.5645833333333333" />
        <entry key="app/src/main/res/drawable/bg_round_gradient_orange.xml" value="0.5645833333333333" />
        <entry key="app/src/main/res/drawable/bg_round_gradient_orange_smaller.xml" value="0.5645833333333333" />
        <entry key="app/src/main/res/drawable/bg_round_gradient_orange_transparent.xml" value="0.5645833333333333" />
        <entry key="app/src/main/res/drawable/bg_selector_btn_grey_round.xml" value="0.5645833333333333" />
        <entry key="app/src/main/res/drawable/bg_selector_btn_positive_round.xml" value="0.5645833333333333" />
        <entry key="app/src/main/res/drawable/bg_selector_check_in_btn.xml" value="0.5645833333333333" />
        <entry key="app/src/main/res/drawable/bg_selector_check_out_btn.xml" value="0.5645833333333333" />
        <entry key="app/src/main/res/drawable/bg_selector_double_radio_left.xml" value="0.5645833333333333" />
        <entry key="app/src/main/res/drawable/bg_selector_new_btn_acpositive_inset8.xml" value="0.39791666666666664" />
        <entry key="app/src/main/res/drawable/bg_selector_new_btn_positive_floating_new.xml" value="0.39791666666666664" />
        <entry key="app/src/main/res/drawable/bg_selector_new_check_in_btn.xml" value="0.5645833333333333" />
        <entry key="app/src/main/res/drawable/bg_selector_new_check_out_btn.xml" value="0.5645833333333333" />
        <entry key="app/src/main/res/drawable/bg_selector_transaction_filter.xml" value="1.0" />
        <entry key="app/src/main/res/drawable/bg_splash.xml" value="0.5416666666666666" />
        <entry key="app/src/main/res/drawable/bg_tag_normal.xml" value="0.5645833333333333" />
        <entry key="app/src/main/res/drawable/bg_tag_normal_new.xml" value="0.5645833333333333" />
        <entry key="app/src/main/res/drawable/bg_tag_red_warning.xml" value="0.5645833333333333" />
        <entry key="app/src/main/res/drawable/bg_tag_round_blue.xml" value="0.5645833333333333" />
        <entry key="app/src/main/res/drawable/bg_tag_warning.xml" value="0.5645833333333333" />
        <entry key="app/src/main/res/drawable/bg_tag_warning_filled.xml" value="0.5645833333333333" />
        <entry key="app/src/main/res/drawable/bg_toast_round_dark_grey.xml" value="0.5645833333333333" />
        <entry key="app/src/main/res/drawable/border_red_roval_sign.xml" value="0.37777777777777777" />
        <entry key="app/src/main/res/drawable/deliver_ic_add.xml" value="0.5645833333333333" />
        <entry key="app/src/main/res/drawable/deliver_ic_add_parcel_transfer.xml" value="0.5645833333333333" />
        <entry key="app/src/main/res/drawable/deliver_ic_add_transfer.xml" value="0.5536261491317671" />
        <entry key="app/src/main/res/drawable/deliver_ic_del.xml" value="0.5645833333333333" />
        <entry key="app/src/main/res/drawable/deliver_ic_transfer_complete.xml" value="0.5645833333333333" />
        <entry key="app/src/main/res/drawable/deliver_ic_transfer_parcel_item.xml" value="0.5645833333333333" />
        <entry key="app/src/main/res/drawable/deliver_ic_transfer_progress.xml" value="0.5645833333333333" />
        <entry key="app/src/main/res/drawable/home_selector_edit_btn.xml" value="0.5645833333333333" />
        <entry key="app/src/main/res/drawable/home_selector_grey_color.xml" value="0.5645833333333333" />
        <entry key="app/src/main/res/drawable/ic_add_ticket_progress.xml" value="0.390194075587334" />
        <entry key="app/src/main/res/drawable/ic_address_location.xml" value="0.390194075587334" />
        <entry key="app/src/main/res/drawable/ic_address_location_transfer.xml" value="0.390194075587334" />
        <entry key="app/src/main/res/drawable/ic_address_location_transfer_parcel.xml" value="0.390194075587334" />
        <entry key="app/src/main/res/drawable/ic_arrow_up_16.xml" value="0.39791666666666664" />
        <entry key="app/src/main/res/drawable/ic_arrow_up_flat.xml" value="0.5645833333333333" />
        <entry key="app/src/main/res/drawable/ic_barcode.xml" value="0.5645833333333333" />
        <entry key="app/src/main/res/drawable/ic_barcode_grey.xml" value="0.3194444444444444" />
        <entry key="app/src/main/res/drawable/ic_barcode_red.xml" value="0.5645833333333333" />
        <entry key="app/src/main/res/drawable/ic_call_phone.xml" value="0.39791666666666664" />
        <entry key="app/src/main/res/drawable/ic_cash.xml" value="0.5645833333333333" />
        <entry key="app/src/main/res/drawable/ic_close_with_background.xml" value="0.5645833333333333" />
        <entry key="app/src/main/res/drawable/ic_deliver_ic_scan_red.xml" value="0.5645833333333333" />
        <entry key="app/src/main/res/drawable/ic_delivered_info.xml" value="0.5645833333333333" />
        <entry key="app/src/main/res/drawable/ic_driver.xml" value="0.234375" />
        <entry key="app/src/main/res/drawable/ic_driver_lm.xml" value="0.2171875" />
        <entry key="app/src/main/res/drawable/ic_driver_sign.xml" value="0.5536261491317671" />
        <entry key="app/src/main/res/drawable/ic_earning.xml" value="0.23854166666666668" />
        <entry key="app/src/main/res/drawable/ic_edit.xml" value="0.5645833333333333" />
        <entry key="app/src/main/res/drawable/ic_edit_orange.xml" value="0.5645833333333333" />
        <entry key="app/src/main/res/drawable/ic_edit_underline.xml" value="0.5645833333333333" />
        <entry key="app/src/main/res/drawable/ic_edit_underline_round.xml" value="0.5645833333333333" />
        <entry key="app/src/main/res/drawable/ic_edit_underline_round_disabled.xml" value="0.5645833333333333" />
        <entry key="app/src/main/res/drawable/ic_edit_white.xml" value="0.5645833333333333" />
        <entry key="app/src/main/res/drawable/ic_empty_group.xml" value="0.5645833333333333" />
        <entry key="app/src/main/res/drawable/ic_error.xml" value="0.5645833333333333" />
        <entry key="app/src/main/res/drawable/ic_failed.xml" value="0.271875" />
        <entry key="app/src/main/res/drawable/ic_failed_white.xml" value="0.5645833333333333" />
        <entry key="app/src/main/res/drawable/ic_finish_successful.xml" value="0.5645833333333333" />
        <entry key="app/src/main/res/drawable/ic_frag_home.xml" value="0.5645833333333333" />
        <entry key="app/src/main/res/drawable/ic_launcher_background.xml" value="0.5645833333333333" />
        <entry key="app/src/main/res/drawable/ic_light_bulb.xml" value="0.390194075587334" />
        <entry key="app/src/main/res/drawable/ic_new_message_entrance.xml" value="0.5645833333333333" />
        <entry key="app/src/main/res/drawable/ic_no_order.xml" value="0.5645833333333333" />
        <entry key="app/src/main/res/drawable/ic_notice.xml" value="0.5645833333333333" />
        <entry key="app/src/main/res/drawable/ic_notification_push.xml" value="0.2984375" />
        <entry key="app/src/main/res/drawable/ic_seller_sign.xml" value="0.5536261491317671" />
        <entry key="app/src/main/res/drawable/ic_send_message.xml" value="0.390194075587334" />
        <entry key="app/src/main/res/drawable/ic_ship_notification.xml" value="0.5645833333333333" />
        <entry key="app/src/main/res/drawable/ic_station_sign.xml" value="0.5536261491317671" />
        <entry key="app/src/main/res/drawable/ic_success_16.xml" value="0.5645833333333333" />
        <entry key="app/src/main/res/drawable/ic_success_20.xml" value="0.271875" />
        <entry key="app/src/main/res/drawable/ic_success_white.xml" value="0.5645833333333333" />
        <entry key="app/src/main/res/drawable/ic_warning.xml" value="0.39791666666666664" />
        <entry key="app/src/main/res/drawable/ic_white_back.xml" value="0.5645833333333333" />
        <entry key="app/src/main/res/drawable/loading_progress_dialog.xml" value="0.55" />
        <entry key="app/src/main/res/drawable/login_bg_input.xml" value="0.47543859649122805" />
        <entry key="app/src/main/res/drawable/login_btn_bg.xml" value="0.47543859649122805" />
        <entry key="app/src/main/res/drawable/login_input_bg.xml" value="0.47543859649122805" />
        <entry key="app/src/main/res/drawable/rotate_refresh_view.xml" value="0.5645833333333333" />
        <entry key="app/src/main/res/drawable/rounded_corner.xml" value="0.47543859649122805" />
        <entry key="app/src/main/res/drawable/selector_arrow_up_down.xml" value="0.5645833333333333" />
        <entry key="app/src/main/res/drawable/selector_arrow_up_down_16.xml" value="0.5645833333333333" />
        <entry key="app/src/main/res/drawable/selector_arrow_up_down_40.xml" value="0.5645833333333333" />
        <entry key="app/src/main/res/drawable/selector_arrow_up_down_flat.xml" value="0.5645833333333333" />
        <entry key="app/src/main/res/drawable/selector_arrow_up_down_round.xml" value="0.5645833333333333" />
        <entry key="app/src/main/res/drawable/selector_arrow_up_down_white.xml" value="0.5645833333333333" />
        <entry key="app/src/main/res/drawable/selector_flashlight_new.xml" value="0.390194075587334" />
        <entry key="app/src/main/res/drawable/selector_text_size.xml" value="0.39791666666666664" />
        <entry key="app/src/main/res/drawable/selector_text_size_fourteen.xml" value="0.3194444444444444" />
        <entry key="app/src/main/res/drawable/shape_cb_head.xml" value="0.5645833333333333" />
        <entry key="app/src/main/res/drawable/shape_code_delivery_input_bg.xml" value="0.5645833333333333" />
        <entry key="app/src/main/res/drawable/shape_dialog_bg.xml" value="0.5645833333333333" />
        <entry key="app/src/main/res/drawable/shape_oval_btn_grey_bg.xml" value="0.5645833333333333" />
        <entry key="app/src/main/res/drawable/stub_guide_menu_driver_profile.xml" value="0.390194075587334" />
        <entry key="app/src/main/res/drawable/switch_custom_track_off.xml" value="0.2833333333333333" />
        <entry key="app/src/main/res/drawable/textview_style.xml" value="0.37777777777777777" />
        <entry key="app/src/main/res/layout/activity_activity_sample.xml" value="0.14581231079717458" />
        <entry key="app/src/main/res/layout/activity_add_friend_circle.xml" value="0.37864583333333335" />
        <entry key="app/src/main/res/layout/activity_add_issue_ticket.xml" value="0.4546875" />
        <entry key="app/src/main/res/layout/activity_add_remark.xml" value="0.5453125" />
        <entry key="app/src/main/res/layout/activity_add_remark_new.xml" value="0.5453125" />
        <entry key="app/src/main/res/layout/activity_auto_height.xml" value="0.37864583333333335" />
        <entry key="app/src/main/res/layout/activity_base.xml" value="0.2641271442986882" />
        <entry key="app/src/main/res/layout/activity_base_task_detail.xml" value="0.37864583333333335" />
        <entry key="app/src/main/res/layout/activity_bottomsheet.xml" value="0.5453125" />
        <entry key="app/src/main/res/layout/activity_change_mode.xml" value="0.5453125" />
        <entry key="app/src/main/res/layout/activity_change_or_reset_password.xml" value="0.37864583333333335" />
        <entry key="app/src/main/res/layout/activity_check_tob_login.xml" value="0.37864583333333335" />
        <entry key="app/src/main/res/layout/activity_client.xml" value="0.37864583333333335" />
        <entry key="app/src/main/res/layout/activity_cod_payment.xml" value="0.37864583333333335" />
        <entry key="app/src/main/res/layout/activity_detail_page.xml" value="0.5453125" />
        <entry key="app/src/main/res/layout/activity_detail_page_new.xml" value="0.5453125" />
        <entry key="app/src/main/res/layout/activity_earnings_made_record.xml" value="0.37864583333333335" />
        <entry key="app/src/main/res/layout/activity_event.xml" value="0.37864583333333335" />
        <entry key="app/src/main/res/layout/activity_event_bus.xml" value="0.3880208333333333" />
        <entry key="app/src/main/res/layout/activity_event_bus_publish.xml" value="0.5453125" />
        <entry key="app/src/main/res/layout/activity_event_bus_subscribe.xml" value="0.5453125" />
        <entry key="app/src/main/res/layout/activity_eventdetail.xml" value="0.3296296296296296" />
        <entry key="app/src/main/res/layout/activity_express_list_lm_work_flow.xml" value="0.375" />
        <entry key="app/src/main/res/layout/activity_express_list_new.xml" value="0.5453125" />
        <entry key="app/src/main/res/layout/activity_forgot_password.xml" value="0.37864583333333335" />
        <entry key="app/src/main/res/layout/activity_gaode_index.xml" value="0.5453125" />
        <entry key="app/src/main/res/layout/activity_heat_map.xml" value="0.5453125" />
        <entry key="app/src/main/res/layout/activity_heat_map_description.xml" value="0.21510416666666668" />
        <entry key="app/src/main/res/layout/activity_home.xml" value="0.4279891304347826" />
        <entry key="app/src/main/res/layout/activity_homework_image.xml" value="0.3310696095076401" />
        <entry key="app/src/main/res/layout/activity_image_loader.xml" value="0.5453125" />
        <entry key="app/src/main/res/layout/activity_launch_mode.xml" value="0.14581231079717458" />
        <entry key="app/src/main/res/layout/activity_local_image.xml" value="0.3333333333333333" />
        <entry key="app/src/main/res/layout/activity_login.xml" value="0.37864583333333335" />
        <entry key="app/src/main/res/layout/activity_main.xml" value="0.5453125" />
        <entry key="app/src/main/res/layout/activity_main_login.xml" value="0.37864583333333335" />
        <entry key="app/src/main/res/layout/activity_multiple_scan.xml" value="0.5453125" />
        <entry key="app/src/main/res/layout/activity_network_main.xml" value="0.5453125" />
        <entry key="app/src/main/res/layout/activity_no_tablayout.xml" value="0.44166666666666665" />
        <entry key="app/src/main/res/layout/activity_normal_notification_detail.xml" value="0.5453125" />
        <entry key="app/src/main/res/layout/activity_onhold_delivered_remark.xml" value="0.5453125" />
        <entry key="app/src/main/res/layout/activity_p2p_earnings_made_record.xml" value="0.5453125" />
        <entry key="app/src/main/res/layout/activity_p2p_order_detail.xml" value="0.5453125" />
        <entry key="app/src/main/res/layout/activity_p2p_submit_success.xml" value="0.5453125" />
        <entry key="app/src/main/res/layout/activity_page_transformer.xml" value="0.5453125" />
        <entry key="app/src/main/res/layout/activity_phone_scan_general.xml" value="0.37864583333333335" />
        <entry key="app/src/main/res/layout/activity_proof_of_delivery.xml" value="0.37864583333333335" />
        <entry key="app/src/main/res/layout/activity_query_weather.xml" value="0.27717391304347827" />
        <entry key="app/src/main/res/layout/activity_register.xml" value="0.5453125" />
        <entry key="app/src/main/res/layout/activity_rx_java.xml" value="0.5" />
        <entry key="app/src/main/res/layout/activity_scrolling.xml" value="0.2504528985507246" />
        <entry key="app/src/main/res/layout/activity_search.xml" value="0.5453125" />
        <entry key="app/src/main/res/layout/activity_search_print_order.xml" value="0.5453125" />
        <entry key="app/src/main/res/layout/activity_second.xml" value="0.31875" />
        <entry key="app/src/main/res/layout/activity_select_multiple_parcel.xml" value="0.37864583333333335" />
        <entry key="app/src/main/res/layout/activity_select_on_hold_reason.xml" value="0.5453125" />
        <entry key="app/src/main/res/layout/activity_select_recipient_new_type.xml" value="0.37864583333333335" />
        <entry key="app/src/main/res/layout/activity_select_recipient_type.xml" value="0.37864583333333335" />
        <entry key="app/src/main/res/layout/activity_setting.xml" value="0.5453125" />
        <entry key="app/src/main/res/layout/activity_singleinterface.xml" value="0.24230072463768115" />
        <entry key="app/src/main/res/layout/activity_smart_route.xml" value="0.5453125" />
        <entry key="app/src/main/res/layout/activity_splash.xml" value="0.45921052631578946" />
        <entry key="app/src/main/res/layout/activity_test.xml" value="0.37864583333333335" />
        <entry key="app/src/main/res/layout/activity_test_edit_text.xml" value="0.37864583333333335" />
        <entry key="app/src/main/res/layout/activity_test_ui.xml" value="0.36574074074074076" />
        <entry key="app/src/main/res/layout/activity_text_input.xml" value="0.5453125" />
        <entry key="app/src/main/res/layout/activity_user_register_todelete.xml" value="0.5453125" />
        <entry key="app/src/main/res/layout/cl_guide_ticket_support.xml" value="0.5453125" />
        <entry key="app/src/main/res/layout/cod_tip_container.xml" value="0.325" />
        <entry key="app/src/main/res/layout/common_use_layout.xml" value="0.37864583333333335" />
        <entry key="app/src/main/res/layout/content_main.xml" value="0.3283514492753623" />
        <entry key="app/src/main/res/layout/copy_multi_scan_main.xml" value="0.5453125" />
        <entry key="app/src/main/res/layout/debug_main.xml" value="0.5453125" />
        <entry key="app/src/main/res/layout/deliver_activity_search_transfer.xml" value="0.5453125" />
        <entry key="app/src/main/res/layout/delivery_activity_add_transfer_parcel.xml" value="0.37864583333333335" />
        <entry key="app/src/main/res/layout/delivery_activity_commont_tab.xml" value="0.37864583333333335" />
        <entry key="app/src/main/res/layout/delivery_activity_transfer_detail.xml" value="0.5453125" />
        <entry key="app/src/main/res/layout/delivery_framgent_person_transfer_list.xml" value="0.5453125" />
        <entry key="app/src/main/res/layout/delivery_item_person_transfer_list.xml" value="0.5453125" />
        <entry key="app/src/main/res/layout/delivery_item_transfer_list.xml" value="0.5453125" />
        <entry key="app/src/main/res/layout/delivery_item_transfer_scan_list.xml" value="0.5453125" />
        <entry key="app/src/main/res/layout/delivery_popup_select_transfer_parcel.xml" value="0.37864583333333335" />
        <entry key="app/src/main/res/layout/detail_actor_activity.xml" value="0.4126637554585153" />
        <entry key="app/src/main/res/layout/detail_item_actor_movies.xml" value="0.47192028985507245" />
        <entry key="app/src/main/res/layout/detail_movie_activity.xml" value="0.45921052631578946" />
        <entry key="app/src/main/res/layout/dialog_check_in_success.xml" value="0.5453125" />
        <entry key="app/src/main/res/layout/dialog_check_order_information.xml" value="0.5453125" />
        <entry key="app/src/main/res/layout/dialog_check_order_information_copy.xml" value="0.37864583333333335" />
        <entry key="app/src/main/res/layout/dialog_check_return_order.xml" value="0.5453125" />
        <entry key="app/src/main/res/layout/dialog_confirm_clock_out.xml" value="0.5453125" />
        <entry key="app/src/main/res/layout/dialog_confirm_contactless_delivery.xml" value="0.5925680912811371" />
        <entry key="app/src/main/res/layout/dialog_confirm_delivery_offline.xml" value="0.5453125" />
        <entry key="app/src/main/res/layout/dialog_confirm_layout.xml" value="0.5453125" />
        <entry key="app/src/main/res/layout/dialog_confirm_multi_items.xml" value="0.5453125" />
        <entry key="app/src/main/res/layout/dialog_confirm_recommend_sort.xml" value="0.5453125" />
        <entry key="app/src/main/res/layout/dialog_confirm_same_address_parcels.xml" value="0.5453125" />
        <entry key="app/src/main/res/layout/dialog_contract_us.xml" value="0.5453125" />
        <entry key="app/src/main/res/layout/dialog_custom_layout.xml" value="0.5453125" />
        <entry key="app/src/main/res/layout/dialog_custom_single_choice.xml" value="0.5453125" />
        <entry key="app/src/main/res/layout/dialog_custom_single_choice_content.xml" value="0.5453125" />
        <entry key="app/src/main/res/layout/dialog_date_filter.xml" value="0.5453125" />
        <entry key="app/src/main/res/layout/dialog_driver_profile_confirm.xml" value="0.37864583333333335" />
        <entry key="app/src/main/res/layout/dialog_function_refresh.xml" value="0.5453125" />
        <entry key="app/src/main/res/layout/dialog_home_check_confirm.xml" value="0.5453125" />
        <entry key="app/src/main/res/layout/dialog_layout.xml" value="0.5453125" />
        <entry key="app/src/main/res/layout/dialog_list.xml" value="0.5453125" />
        <entry key="app/src/main/res/layout/dialog_local_chooser.xml" value="0.5453125" />
        <entry key="app/src/main/res/layout/dialog_local_chooser_new.xml" value="0.5453125" />
        <entry key="app/src/main/res/layout/dialog_notify_normal.xml" value="0.5453125" />
        <entry key="app/src/main/res/layout/dialog_notify_normal_new.xml" value="0.5453125" />
        <entry key="app/src/main/res/layout/dialog_notify_radio.xml" value="0.5453125" />
        <entry key="app/src/main/res/layout/dialog_p2p_accept_order.xml" value="0.5453125" />
        <entry key="app/src/main/res/layout/dialog_p2p_confirm_onhold.xml" value="0.5453125" />
        <entry key="app/src/main/res/layout/dialog_p2p_confirm_pickup_fail.xml" value="0.5453125" />
        <entry key="app/src/main/res/layout/dialog_p2p_status_updated_loop.xml" value="0.5453125" />
        <entry key="app/src/main/res/layout/dialog_part_select_date.xml" value="0.5453125" />
        <entry key="app/src/main/res/layout/dialog_part_select_month.xml" value="0.5453125" />
        <entry key="app/src/main/res/layout/dialog_reschedule_time.xml" value="0.5453125" />
        <entry key="app/src/main/res/layout/dialog_select_search_type.xml" value="0.5453125" />
        <entry key="app/src/main/res/layout/dialog_select_time.xml" value="0.5453125" />
        <entry key="app/src/main/res/layout/dialog_set_upload_data_type.xml" value="0.5453125" />
        <entry key="app/src/main/res/layout/dialog_shopee_pay_guide.xml" value="0.5453125" />
        <entry key="app/src/main/res/layout/dialog_transfer_guide.xml" value="0.5453125" />
        <entry key="app/src/main/res/layout/dialog_turn_on_gps.xml" value="0.5453125" />
        <entry key="app/src/main/res/layout/dialog_wallet_choice.xml" value="0.5453125" />
        <entry key="app/src/main/res/layout/dialog_wallet_number_info.xml" value="0.5453125" />
        <entry key="app/src/main/res/layout/dialogview.xml" value="0.5453125" />
        <entry key="app/src/main/res/layout/fragment_base.xml" value="0.1" />
        <entry key="app/src/main/res/layout/fragment_base_multi_choice.xml" value="0.5453125" />
        <entry key="app/src/main/res/layout/fragment_base_view.xml" value="0.37864583333333335" />
        <entry key="app/src/main/res/layout/fragment_blank.xml" value="0.5453125" />
        <entry key="app/src/main/res/layout/fragment_common_list.xml" value="0.5453125" />
        <entry key="app/src/main/res/layout/fragment_first.xml" value="0.315625" />
        <entry key="app/src/main/res/layout/fragment_info.xml" value="0.2504528985507246" />
        <entry key="app/src/main/res/layout/fragment_local_image.xml" value="0.43568840579710144" />
        <entry key="app/src/main/res/layout/fragment_new_scan_manual_input.xml" value="0.5453125" />
        <entry key="app/src/main/res/layout/fragment_p2p_todo_route_info.xml" value="0.5453125" />
        <entry key="app/src/main/res/layout/fragment_pickup_general_list.xml" value="0.33541666666666664" />
        <entry key="app/src/main/res/layout/fragment_search.xml" value="0.2504528985507246" />
        <entry key="app/src/main/res/layout/fragment_search_nested.xml" value="0.1" />
        <entry key="app/src/main/res/layout/fragment_search_nested_reresh.xml" value="0.2504528985507246" />
        <entry key="app/src/main/res/layout/fragment_second.xml" value="0.315625" />
        <entry key="app/src/main/res/layout/fragment_web_image.xml" value="0.45921052631578946" />
        <entry key="app/src/main/res/layout/home_activity_home.xml" value="0.3451086956521739" />
        <entry key="app/src/main/res/layout/home_fragment_actors.xml" value="0.4279891304347826" />
        <entry key="app/src/main/res/layout/home_fragment_movies.xml" value="0.4633152173913043" />
        <entry key="app/src/main/res/layout/home_item_actors.xml" value="0.47192028985507245" />
        <entry key="app/src/main/res/layout/home_item_current_movies.xml" value="0.41757246376811596" />
        <entry key="app/src/main/res/layout/home_item_list_footer.xml" value="0.38405797101449274" />
        <entry key="app/src/main/res/layout/home_progress_bar_scroll.xml" value="0.38405797101449274" />
        <entry key="app/src/main/res/layout/home_recycle_item_actors.xml" value="0.26666666666666666" />
        <entry key="app/src/main/res/layout/home_recycle_item_footer.xml" value="0.2793859649122807" />
        <entry key="app/src/main/res/layout/home_recycle_item_movies.xml" value="0.44655797101449274" />
        <entry key="app/src/main/res/layout/item.xml" value="0.5453125" />
        <entry key="app/src/main/res/layout/item_choice_popup.xml" value="0.5453125" />
        <entry key="app/src/main/res/layout/item_custom_double_text.xml" value="0.37864583333333335" />
        <entry key="app/src/main/res/layout/item_custom_payment.xml" value="0.37864583333333335" />
        <entry key="app/src/main/res/layout/item_custom_single_text.xml" value="0.37864583333333335" />
        <entry key="app/src/main/res/layout/item_delivery_label.xml" value="0.5453125" />
        <entry key="app/src/main/res/layout/item_delivery_order.xml" value="0.5453125" />
        <entry key="app/src/main/res/layout/item_delivery_urgent_label.xml" value="0.5453125" />
        <entry key="app/src/main/res/layout/item_detail_page_normal.xml" value="0.37864583333333335" />
        <entry key="app/src/main/res/layout/item_incentive_points.xml" value="0.37864583333333335" />
        <entry key="app/src/main/res/layout/item_message_record.xml" value="0.37864583333333335" />
        <entry key="app/src/main/res/layout/item_multiple_choice.xml" value="0.5453125" />
        <entry key="app/src/main/res/layout/item_multiple_new_recipient_order.xml" value="0.5453125" />
        <entry key="app/src/main/res/layout/item_multiple_parcel_order.xml" value="0.5453125" />
        <entry key="app/src/main/res/layout/item_notification_info.xml" value="0.5453125" />
        <entry key="app/src/main/res/layout/item_order_header.xml" value="0.5453125" />
        <entry key="app/src/main/res/layout/item_order_info.xml" value="0.5453125" />
        <entry key="app/src/main/res/layout/item_p2p_earning_daily.xml" value="0.37864583333333335" />
        <entry key="app/src/main/res/layout/item_parcel_transfer_reason_type.xml" value="0.5453125" />
        <entry key="app/src/main/res/layout/item_recipient_type_radio.xml" value="0.5453125" />
        <entry key="app/src/main/res/layout/item_search_result.xml" value="0.23229166666666667" />
        <entry key="app/src/main/res/layout/item_search_ticket_result.xml" value="0.37864583333333335" />
        <entry key="app/src/main/res/layout/item_select_multiple_parcel.xml" value="0.37864583333333335" />
        <entry key="app/src/main/res/layout/item_single_config_normal_radio.xml" value="0.5453125" />
        <entry key="app/src/main/res/layout/item_single_config_normal_radio_footer.xml" value="0.5453125" />
        <entry key="app/src/main/res/layout/item_single_config_radio_moderate.xml" value="0.5453125" />
        <entry key="app/src/main/res/layout/item_single_config_radio_tick.xml" value="0.5453125" />
        <entry key="app/src/main/res/layout/item_single_config_small_radio.xml" value="0.5453125" />
        <entry key="app/src/main/res/layout/item_single_recipient_type_radio_footer.xml" value="0.5453125" />
        <entry key="app/src/main/res/layout/layout_check_in_view.xml" value="0.5453125" />
        <entry key="app/src/main/res/layout/layout_check_in_view_new.xml" value="0.5453125" />
        <entry key="app/src/main/res/layout/layout_common_homepage_header.xml" value="0.37864583333333335" />
        <entry key="app/src/main/res/layout/layout_common_order_list_load_more.xml" value="0.5453125" />
        <entry key="app/src/main/res/layout/layout_common_paging_search.xml" value="0.5177083333333333" />
        <entry key="app/src/main/res/layout/layout_common_tip.xml" value="0.5453125" />
        <entry key="app/src/main/res/layout/layout_common_title.xml" value="0.5453125" />
        <entry key="app/src/main/res/layout/layout_driver_profile_text_input.xml" value="0.25833333333333336" />
        <entry key="app/src/main/res/layout/layout_dropdown_button.xml" value="0.5453125" />
        <entry key="app/src/main/res/layout/layout_easy_horizontal_tab.xml" value="0.20416666666666666" />
        <entry key="app/src/main/res/layout/layout_empty_view.xml" value="0.5453125" />
        <entry key="app/src/main/res/layout/layout_empty_view_express.xml" value="0.5453125" />
        <entry key="app/src/main/res/layout/layout_file_thumbnail.xml" value="0.5453125" />
        <entry key="app/src/main/res/layout/layout_flexible_width_horizontal_tab.xml" value="0.20416666666666666" />
        <entry key="app/src/main/res/layout/layout_map_marker.xml" value="0.37864583333333335" />
        <entry key="app/src/main/res/layout/layout_map_marker_big.xml" value="0.37864583333333335" />
        <entry key="app/src/main/res/layout/layout_new_edit.xml" value="0.5453125" />
        <entry key="app/src/main/res/layout/layout_num_edit_text.xml" value="0.5453125" />
        <entry key="app/src/main/res/layout/layout_num_edittext.xml" value="0.4842592592592593" />
        <entry key="app/src/main/res/layout/layout_parcel_weight_dimension.xml" value="0.5453125" />
        <entry key="app/src/main/res/layout/layout_scan_tip.xml" value="0.5453125" />
        <entry key="app/src/main/res/layout/layout_simple_bubble.xml" value="0.5453125" />
        <entry key="app/src/main/res/layout/layout_smart_route_bottom.xml" value="0.37864583333333335" />
        <entry key="app/src/main/res/layout/layout_text_input_layout.xml" value="0.3758503401360544" />
        <entry key="app/src/main/res/layout/layout_un_pin_order.xml" value="0.5453125" />
        <entry key="app/src/main/res/layout/layout_workforce_check_in_view.xml" value="0.5453125" />
        <entry key="app/src/main/res/layout/listview_comment_item.xml" value="0.37864583333333335" />
        <entry key="app/src/main/res/layout/loading_view.xml" value="0.5453125" />
        <entry key="app/src/main/res/layout/login_activity_login.xml" value="0.42391304347826086" />
        <entry key="app/src/main/res/layout/login_progress_dialog_loading.xml" value="0.45921052631578946" />
        <entry key="app/src/main/res/layout/multi_scan_main.xml" value="0.37864583333333335" />
        <entry key="app/src/main/res/layout/multi_scan_main_copy.xml" value="0.5453125" />
        <entry key="app/src/main/res/layout/multi_scan_main_from_transfer.xml" value="0.5453125" />
        <entry key="app/src/main/res/layout/navigation_header.xml" value="0.37864583333333335" />
        <entry key="app/src/main/res/layout/p2p_floating_pn_brief.xml" value="0.5453125" />
        <entry key="app/src/main/res/layout/p2p_floating_pn_countdown.xml" value="0.5453125" />
        <entry key="app/src/main/res/layout/p2p_layout_home_avatar.xml" value="0.5453125" />
        <entry key="app/src/main/res/layout/p2p_popup_earning_upgraded_to_wallet.xml" value="0.5453125" />
        <entry key="app/src/main/res/layout/p2p_stub_guide_route_sequence.xml" value="0.3712972420837589" />
        <entry key="app/src/main/res/layout/pop_input_code.xml" value="0.37864583333333335" />
        <entry key="app/src/main/res/layout/popup_common_input_code.xml" value="0.37864583333333335" />
        <entry key="app/src/main/res/layout/popup_common_input_number.xml" value="0.37864583333333335" />
        <entry key="app/src/main/res/layout/popup_common_pickup_input_number.xml" value="0.37864583333333335" />
        <entry key="app/src/main/res/layout/popup_detail_page_delivery_instruction.xml" value="0.5453125" />
        <entry key="app/src/main/res/layout/popup_detail_page_order_info.xml" value="0.375" />
        <entry key="app/src/main/res/layout/popup_detail_transfer_order_info.xml" value="0.5453125" />
        <entry key="app/src/main/res/layout/popup_driver_function_picker.xml" value="0.5453125" />
        <entry key="app/src/main/res/layout/popup_driver_mode_picker.xml" value="0.37864583333333335" />
        <entry key="app/src/main/res/layout/popup_heat_map_time_picker.xml" value="0.37864583333333335" />
        <entry key="app/src/main/res/layout/popup_p2p_common.xml" value="0.5453125" />
        <entry key="app/src/main/res/layout/popup_push_floating_dialog.xml" value="0.5453125" />
        <entry key="app/src/main/res/layout/progress_dialog_loading.xml" value="0.4279891304347826" />
        <entry key="app/src/main/res/layout/recyclerview_item.xml" value="0.37864583333333335" />
        <entry key="app/src/main/res/layout/scan_main.xml" value="0.5453125" />
        <entry key="app/src/main/res/layout/stub_express_cod_info.xml" value="0.37864583333333335" />
        <entry key="app/src/main/res/layout/stub_express_dropdown_views.xml" value="0.37864583333333335" />
        <entry key="app/src/main/res/layout/stub_express_new_style_account.xml" value="0.37864583333333335" />
        <entry key="app/src/main/res/layout/stub_express_new_style_barcode.xml" value="0.37864583333333335" />
        <entry key="app/src/main/res/layout/stub_express_new_style_menu.xml" value="0.3592592592592593" />
        <entry key="app/src/main/res/layout/stub_express_new_style_notification.xml" value="0.37864583333333335" />
        <entry key="app/src/main/res/layout/stub_express_new_style_performance.xml" value="0.37864583333333335" />
        <entry key="app/src/main/res/layout/stub_express_new_style_performance_p2p.xml" value="0.37864583333333335" />
        <entry key="app/src/main/res/layout/stub_express_new_style_transfer.xml" value="0.37864583333333335" />
        <entry key="app/src/main/res/layout/stub_express_time_selector_new.xml" value="0.37864583333333335" />
        <entry key="app/src/main/res/layout/stub_guide_delivery_contactless.xml" value="0.37864583333333335" />
        <entry key="app/src/main/res/layout/stub_guide_delivery_sequence.xml" value="0.37864583333333335" />
        <entry key="app/src/main/res/layout/stub_guide_menu_driver_profile.xml" value="0.5" />
        <entry key="app/src/main/res/layout/stub_personal_cod_info_big.xml" value="0.37864583333333335" />
        <entry key="app/src/main/res/layout/stub_personal_cod_info_small.xml" value="0.37864583333333335" />
        <entry key="app/src/main/res/layout/testtest.xml" value="0.5453125" />
        <entry key="app/src/main/res/layout/toast_with_img.xml" value="0.5453125" />
        <entry key="app/src/main/res/layout/wordlist_item.xml" value="0.3283514492753623" />
        <entry key="app/src/main/res/menu/bottom_nav_menu.xml" value="0.5453125" />
        <entry key="app/src/main/res/menu/menu_main.xml" value="0.315625" />
        <entry key="app/src/main/res/mipmap-anydpi-v26/ic_launcher.xml" value="0.5645833333333333" />
        <entry key="app/src/main/res/mipmap-anydpi-v26/ic_launcher_round.xml" value="0.5645833333333333" />
        <entry key="b-home/src/main/res/layout/home_activity_home.xml" value="0.37864583333333335" />
        <entry key="b-transfer/src/main/res/layout/transfer_activity_add_remark.xml" value="0.37864583333333335" />
        <entry key="b-transfer/src/main/res/layout/transfer_activity_trip_common_detail.xml" value="0.534729315628192" />
        <entry key="b-transfer/src/main/res/layout/transfer_activity_trip_detail.xml" value="0.5453125" />
        <entry key="b-transfer/src/main/res/layout/transfer_dialog_trip_info_single.xml" value="0.37864583333333335" />
        <entry key="b-transfer/src/main/res/layout/transfer_dialog_trip_unseal.xml" value="0.45" />
        <entry key="b-transfer/src/main/res/layout/transfer_item_common_detail_header.xml" value="0.37864583333333335" />
        <entry key="b-transfer/src/main/res/layout/transfer_item_lh_task_summary.xml" value="0.37864583333333335" />
        <entry key="b-transfer/src/main/res/layout/transfer_item_lh_trip_to.xml" value="0.534729315628192" />
        <entry key="b-transfer/src/main/res/layout/transfer_item_parent_lh_trip_to.xml" value="0.534729315628192" />
        <entry key="b-transfer/src/main/res/layout/transfer_item_to_fleet_order.xml" value="0.5453125" />
        <entry key="b-transfer/src/main/res/layout/transfer_item_trip_driver.xml" value="0.37864583333333335" />
        <entry key="b-tws-base/src/main/res/drawable/wbase_1a18a5f5_corners_2.xml" value="0.3171875" />
        <entry key="biz/b-cod-ticket/src/main/res/layout/activity_cod_order_list.xml" value="0.5453125" />
        <entry key="biz/b-cod-ticket/src/main/res/layout/activity_cod_settlement.xml" value="0.2722222222222222" />
        <entry key="biz/b-cod-ticket/src/main/res/layout/activity_cod_ticket_detail.xml" value="0.3104166666666667" />
        <entry key="biz/b-cod-ticket/src/main/res/layout/activity_cod_ticket_detail_orders.xml" value="0.2921875" />
        <entry key="biz/b-cod-ticket/src/main/res/layout/activity_cod_ticket_record.xml" value="0.509963768115942" />
        <entry key="biz/b-cod-ticket/src/main/res/layout/activity_cod_ticket_result.xml" value="0.509963768115942" />
        <entry key="biz/b-cod-ticket/src/main/res/layout/item_cod_ticket_record.xml" value="0.24791666666666667" />
        <entry key="biz/b-delivery/src/main/res/layout/activity_adjust_message.xml" value="0.5453125" />
        <entry key="biz/b-delivery/src/main/res/layout/activity_batch_move_group_layout.xml" value="0.37864583333333335" />
        <entry key="biz/b-delivery/src/main/res/layout/activity_batch_move_grouping_layout.xml" value="0.37864583333333335" />
        <entry key="biz/b-delivery/src/main/res/layout/activity_correct_address.xml" value="0.325" />
        <entry key="biz/b-delivery/src/main/res/layout/activity_correct_address_id.xml" value="0.37864583333333335" />
        <entry key="biz/b-delivery/src/main/res/layout/activity_select_message_template.xml" value="0.5453125" />
        <entry key="biz/b-delivery/src/main/res/layout/activity_select_reattempt_time.xml" value="0.29739583333333336" />
        <entry key="biz/b-delivery/src/main/res/layout/delivery_grouping_header_layout.xml" value="0.37864583333333335" />
        <entry key="biz/b-delivery/src/main/res/layout/dialog_check_order_information.xml" value="0.5" />
        <entry key="biz/b-delivery/src/main/res/layout/fragment_express_list_new.xml" value="0.5453125" />
        <entry key="biz/b-delivery/src/main/res/layout/fragment_express_list_new_nested.xml" value="0.37864583333333335" />
        <entry key="biz/b-delivery/src/main/res/layout/item_group_list_checkable_style.xml" value="0.37864583333333335" />
        <entry key="biz/b-delivery/src/main/res/layout/item_order_info.xml" value="0.5453125" />
        <entry key="biz/b-home/src/main/res/drawable/home_ic_faq_cat_account_20.xml" value="0.5645833333333333" />
        <entry key="biz/b-home/src/main/res/layout/activity_change_notification_sound.xml" value="0.24791666666666667" />
        <entry key="biz/b-home/src/main/res/layout/activity_change_password_new.xml" value="0.24791666666666667" />
        <entry key="biz/b-home/src/main/res/layout/activity_change_upload_data_type.xml" value="0.5453125" />
        <entry key="biz/b-home/src/main/res/layout/activity_check_in.xml" value="0.5453125" />
        <entry key="biz/b-home/src/main/res/layout/activity_check_in_history.xml" value="0.5453125" />
        <entry key="biz/b-home/src/main/res/layout/activity_check_in_history_new.xml" value="0.5453125" />
        <entry key="biz/b-home/src/main/res/layout/activity_check_in_new.xml" value="0.5453125" />
        <entry key="biz/b-home/src/main/res/layout/activity_check_in_new_copy.xml" value="0.5453125" />
        <entry key="biz/b-home/src/main/res/layout/activity_geofence_check_in.xml" value="0.375" />
        <entry key="biz/b-home/src/main/res/layout/activity_geofence_check_in_history.xml" value="0.5453125" />
        <entry key="biz/b-home/src/main/res/layout/activity_incentive_points.xml" value="0.37864583333333335" />
        <entry key="biz/b-home/src/main/res/layout/activity_performance.xml" value="0.24791666666666667" />
        <entry key="biz/b-home/src/main/res/layout/activity_personal_barcode.xml" value="0.21510416666666668" />
        <entry key="biz/b-home/src/main/res/layout/activity_workforce_check_in.xml" value="0.3712972420837589" />
        <entry key="biz/b-home/src/main/res/layout/activity_workforce_check_in_history.xml" value="0.5453125" />
        <entry key="biz/b-home/src/main/res/layout/cl_check_in_personal_info.xml" value="0.5453125" />
        <entry key="biz/b-home/src/main/res/layout/cl_check_in_personal_info_copy.xml" value="0.5453125" />
        <entry key="biz/b-home/src/main/res/layout/cl_check_in_slots.xml" value="0.5453125" />
        <entry key="biz/b-home/src/main/res/layout/fragment_personal_info.xml" value="0.343878954607978" />
        <entry key="biz/b-home/src/main/res/layout/home_activity_covid_center.xml" value="0.5453125" />
        <entry key="biz/b-home/src/main/res/layout/home_activity_driver_profile.xml" value="0.3712972420837589" />
        <entry key="biz/b-home/src/main/res/layout/home_activity_driver_profile_basic_info_edit.xml" value="0.5453125" />
        <entry key="biz/b-home/src/main/res/layout/home_activity_driver_profile_edit_bank_info.xml" value="0.37864583333333335" />
        <entry key="biz/b-home/src/main/res/layout/home_activity_driver_profile_report_error.xml" value="0.5453125" />
        <entry key="biz/b-home/src/main/res/layout/home_activity_faq_detail.xml" value="0.325" />
        <entry key="biz/b-home/src/main/res/layout/home_activity_faq_list.xml" value="0.325" />
        <entry key="biz/b-home/src/main/res/layout/home_activity_help_center.xml" value="0.325" />
        <entry key="biz/b-home/src/main/res/layout/home_activity_incentives.xml" value="0.375" />
        <entry key="biz/b-home/src/main/res/layout/home_activity_order_history.xml" value="0.37864583333333335" />
        <entry key="biz/b-home/src/main/res/layout/home_dialog_arrive_barcode.xml" value="0.5453125" />
        <entry key="biz/b-home/src/main/res/layout/home_dialog_driver_barcode.xml" value="0.5453125" />
        <entry key="biz/b-home/src/main/res/layout/home_item_brief_faq.xml" value="0.325" />
        <entry key="biz/b-home/src/main/res/layout/home_item_driver_profile_item.xml" value="0.37864583333333335" />
        <entry key="biz/b-home/src/main/res/layout/home_item_faq_category.xml" value="0.325" />
        <entry key="biz/b-home/src/main/res/layout/home_item_incentives_month_detail.xml" value="0.37864583333333335" />
        <entry key="biz/b-home/src/main/res/layout/home_layout_geocheck_empty_history_view.xml" value="0.37864583333333335" />
        <entry key="biz/b-home/src/main/res/layout/item_check_in_history.xml" value="0.5453125" />
        <entry key="biz/b-home/src/main/res/layout/item_custom_edit_view.xml" value="0.5453125" />
        <entry key="biz/b-home/src/main/res/layout/item_custom_image_picker_view.xml" value="0.5453125" />
        <entry key="biz/b-home/src/main/res/layout/item_geofence_check_in_history.xml" value="0.5453125" />
        <entry key="biz/b-home/src/main/res/layout/item_menu_divider.xml" value="0.5453125" />
        <entry key="biz/b-home/src/main/res/layout/item_menu_footer.xml" value="0.5453125" />
        <entry key="biz/b-home/src/main/res/layout/item_menu_item.xml" value="0.5453125" />
        <entry key="biz/b-home/src/main/res/layout/item_menu_item_new.xml" value="0.5453125" />
        <entry key="biz/b-home/src/main/res/layout/item_menu_space.xml" value="0.37864583333333335" />
        <entry key="biz/b-home/src/main/res/layout/item_metric.xml" value="0.37864583333333335" />
        <entry key="biz/b-home/src/main/res/layout/item_personal_order_history_label.xml" value="0.5453125" />
        <entry key="biz/b-home/src/main/res/layout/item_radio_selection.xml" value="0.5453125" />
        <entry key="biz/b-home/src/main/res/layout/item_recent_search.xml" value="0.5453125" />
        <entry key="biz/b-home/src/main/res/layout/item_shift_slot.xml" value="1.1494252873563218" />
        <entry key="biz/b-home/src/main/res/layout/layout_home_check_in_personal_info.xml" value="0.5453125" />
        <entry key="biz/b-home/src/main/res/layout/layout_home_check_in_slots.xml" value="0.5453125" />
        <entry key="biz/b-home/src/main/res/layout/layout_personal_info.xml" value="0.5453125" />
        <entry key="biz/b-home/src/main/res/layout/popup_search_station.xml" value="0.55" />
        <entry key="biz/b-pickup/src/main/res/layout/activity_handover_status_updated.xml" value="0.30364583333333334" />
        <entry key="biz/b-pickup/src/main/res/layout/activity_pickup_hanover_signature.xml" value="0.5453125" />
        <entry key="biz/b-pickup/src/main/res/layout/activity_pickup_home_new.xml" value="0.5453125" />
        <entry key="biz/b-pickup/src/main/res/layout/activity_pickup_pending_tasks.xml" value="0.5453125" />
        <entry key="biz/b-pickup/src/main/res/layout/activity_pickup_scan.xml" value="0.3925925925925926" />
        <entry key="biz/b-pickup/src/main/res/layout/activity_pickup_scan_history_list.xml" value="0.5453125" />
        <entry key="biz/b-pickup/src/main/res/layout/activity_pickup_signature.xml" value="0.5453125" />
        <entry key="biz/b-pickup/src/main/res/layout/activity_pickup_submit_result.xml" value="0.5453125" />
        <entry key="biz/b-pickup/src/main/res/layout/activity_pickup_task_detail.xml" value="0.5453125" />
        <entry key="biz/b-pickup/src/main/res/layout/activity_pickup_task_order_list.xml" value="0.5453125" />
        <entry key="biz/b-pickup/src/main/res/layout/activity_pickup_task_print_awb.xml" value="0.325" />
        <entry key="biz/b-pickup/src/main/res/layout/activity_pickup_unsolved_order.xml" value="0.5453125" />
        <entry key="biz/b-pickup/src/main/res/layout/activity_quick_pickup_order_detail_result.xml" value="0.5453125" />
        <entry key="biz/b-pickup/src/main/res/layout/activity_quick_pickup_result.xml" value="0.5453125" />
        <entry key="biz/b-pickup/src/main/res/layout/activity_quick_pickup_scan.xml" value="0.2557291666666667" />
        <entry key="biz/b-pickup/src/main/res/layout/activity_quick_pickup_scan_history_list.xml" value="0.4005208333333333" />
        <entry key="biz/b-pickup/src/main/res/layout/activity_quick_pickup_search.xml" value="0.5453125" />
        <entry key="biz/b-pickup/src/main/res/layout/activity_quick_pickup_signature.xml" value="0.37447916666666664" />
        <entry key="biz/b-pickup/src/main/res/layout/activity_quick_pickup_signin_success.xml" value="0.1" />
        <entry key="biz/b-pickup/src/main/res/layout/activity_quick_pickup_task_detail.xml" value="0.321875" />
        <entry key="biz/b-pickup/src/main/res/layout/activity_quick_pickup_task_list.xml" value="0.5453125" />
        <entry key="biz/b-pickup/src/main/res/layout/activity_quick_task_info.xml" value="0.5453125" />
        <entry key="biz/b-pickup/src/main/res/layout/dialog_pickup_accept_task.xml" value="0.2921875" />
        <entry key="biz/b-pickup/src/main/res/layout/dialog_pickup_parcel_weight.xml" value="0.5453125" />
        <entry key="biz/b-pickup/src/main/res/layout/fragment_handover_external_scan.xml" value="0.534729315628192" />
        <entry key="biz/b-pickup/src/main/res/layout/fragment_pickup_handover_scan.xml" value="0.27291666666666664" />
        <entry key="biz/b-pickup/src/main/res/layout/fragment_pickup_phone_scan.xml" value="0.3536458333333333" />
        <entry key="biz/b-pickup/src/main/res/layout/fragment_pickup_task_tab_list.xml" value="0.3990740740740741" />
        <entry key="biz/b-pickup/src/main/res/layout/fragment_quick_pickup_external_scan.xml" value="0.5453125" />
        <entry key="biz/b-pickup/src/main/res/layout/fragment_quick_pickup_pda_scan.xml" value="0.325" />
        <entry key="biz/b-pickup/src/main/res/layout/item_multiple_pickup_task.xml" value="0.5453125" />
        <entry key="biz/b-pickup/src/main/res/layout/item_pickup_order_general.xml" value="0.5453125" />
        <entry key="biz/b-pickup/src/main/res/layout/item_pickup_scan_success.xml" value="0.5453125" />
        <entry key="biz/b-pickup/src/main/res/layout/item_pickup_signature.xml" value="0.67" />
        <entry key="biz/b-pickup/src/main/res/layout/item_pickup_task_general.xml" value="0.5453125" />
        <entry key="biz/b-pickup/src/main/res/layout/item_quick_pickup_end_tab_result.xml" value="0.37864583333333335" />
        <entry key="biz/b-pickup/src/main/res/layout/item_quick_pickup_item.xml" value="0.5453125" />
        <entry key="biz/b-pickup/src/main/res/layout/item_quick_pickup_task_general.xml" value="0.5453125" />
        <entry key="biz/b-pickup/src/main/res/layout/item_signin_success_result_item.xml" value="0.5453125" />
        <entry key="biz/b-pickup/src/main/res/layout/pickup_activity_normal_scan.xml" value="0.17760416666666667" />
        <entry key="biz/b-pickup/src/main/res/layout/pickup_activity_task_detail.xml" value="0.21510416666666668" />
        <entry key="biz/b-pickup/src/main/res/layout/pickup_layout_shop_detail.xml" value="0.37864583333333335" />
        <entry key="biz/b-pickup/src/main/res/layout/stub_guide_quick_pickup.xml" value="0.37864583333333335" />
        <entry key="biz/b-rts/src/main/res/layout/activity_return_order_detail.xml" value="0.37864583333333335" />
        <entry key="biz/b-transport/src/main/res/layout/COPY_lh_item_trip_task_detail.xml" value="0.37864583333333335" />
        <entry key="biz/b-transport/src/main/res/layout/copy_b.xml" value="0.37864583333333335" />
        <entry key="biz/b-transport/src/main/res/layout/lh_activity_line_haul_task_detail.xml" value="0.37864583333333335" />
        <entry key="biz/b-transport/src/main/res/layout/lh_activity_transport_order_detail.xml" value="0.5453125" />
        <entry key="biz/b-transport/src/main/res/layout/lh_activity_transport_trip_order_detail.xml" value="0.5453125" />
        <entry key="biz/b-transport/src/main/res/layout/lh_activity_van_signin_success.xml" value="0.37864583333333335" />
        <entry key="biz/b-transport/src/main/res/layout/lh_dialog_arrive_or_depart_confirm.xml" value="0.5453125" />
        <entry key="biz/b-transport/src/main/res/layout/lh_dialog_driver_barcode.xml" value="0.37864583333333335" />
        <entry key="biz/b-transport/src/main/res/layout/lh_dialog_pickup_task.xml" value="0.37864583333333335" />
        <entry key="biz/b-transport/src/main/res/layout/lh_dialog_receive_transport_order.xml" value="0.37864583333333335" />
        <entry key="biz/b-transport/src/main/res/layout/lh_dialog_trip_arrive_barcode.xml" value="0.5453125" />
        <entry key="biz/b-transport/src/main/res/layout/lh_fragment_general_transport_order.xml" value="0.5453125" />
        <entry key="biz/b-transport/src/main/res/layout/lh_item_bottom_order_info.xml" value="0.2557291666666667" />
        <entry key="biz/b-transport/src/main/res/layout/lh_item_group_child.xml" value="0.37864583333333335" />
        <entry key="biz/b-transport/src/main/res/layout/lh_item_group_header.xml" value="0.37864583333333335" />
        <entry key="biz/b-transport/src/main/res/layout/lh_item_lh_task_header.xml" value="0.45" />
        <entry key="biz/b-transport/src/main/res/layout/lh_item_lh_task_list_header.xml" value="0.37864583333333335" />
        <entry key="biz/b-transport/src/main/res/layout/lh_item_lh_task_trip_list_header.xml" value="0.37864583333333335" />
        <entry key="biz/b-transport/src/main/res/layout/lh_item_order_info.xml" value="0.37864583333333335" />
        <entry key="biz/b-transport/src/main/res/layout/lh_item_search_result.xml" value="0.5177083333333333" />
        <entry key="biz/b-transport/src/main/res/layout/lh_item_trip_task_detail.xml" value="0.67" />
        <entry key="biz/b-transport/src/main/res/layout/lh_item_trip_task_list.xml" value="0.7057775022654292" />
        <entry key="biz/b-transport/src/main/res/layout/lh_item_trip_task_station.xml" value="0.37864583333333335" />
        <entry key="biz/b-wallet/src/main/res/layout/wallet_activity_bank_account_detail.xml" value="0.5453125" />
        <entry key="biz/b-wallet/src/main/res/layout/wallet_activity_pin_verify_for_withdraw.xml" value="0.5453125" />
        <entry key="biz/b-wallet/src/main/res/layout/wallet_activity_transaction_detail.xml" value="0.37864583333333335" />
        <entry key="biz/b-wallet/src/main/res/layout/wallet_activity_transaction_list.xml" value="0.37864583333333335" />
        <entry key="biz/b-wallet/src/main/res/layout/wallet_activity_wallet_overview.xml" value="0.37864583333333335" />
        <entry key="biz/b-wallet/src/main/res/layout/wallet_activity_wallet_welcome.xml" value="0.37864583333333335" />
        <entry key="biz/b-wallet/src/main/res/layout/wallet_item_transaction_amount_header.xml" value="0.37864583333333335" />
        <entry key="biz/b-wallet/src/main/res/layout/wallet_item_transaction_brief.xml" value="0.37864583333333335" />
        <entry key="biz/b-wallet/src/main/res/layout/wallet_item_transaction_date_header.xml" value="0.37864583333333335" />
        <entry key="biz/b-wallet/src/main/res/layout/wallet_item_transaction_filter_checkable.xml" value="0.37864583333333335" />
        <entry key="biz/b-wallet/src/main/res/layout/wallet_item_transaction_info_pair.xml" value="0.37864583333333335" />
        <entry key="biz/b-wallet/src/main/res/layout/wallet_item_transaction_large_divider.xml" value="0.37864583333333335" />
        <entry key="biz/b-wallet/src/main/res/layout/wallet_item_transaction_list_header.xml" value="0.37864583333333335" />
        <entry key="biz/b-wallet/src/main/res/layout/wallet_item_transaction_tracking_list.xml" value="0.37864583333333335" />
        <entry key="biz/b-wallet/src/main/res/layout/wallet_item_transaction_trip_order.xml" value="0.37864583333333335" />
        <entry key="common/c-base/src/main/res/drawable/bg_dash_line.xml" value="0.5645833333333333" />
        <entry key="common/c-base/src/main/res/drawable/bg_dash_line_white.xml" value="0.5645833333333333" />
        <entry key="common/c-base/src/main/res/drawable/bg_image_solid_border.xml" value="0.5645833333333333" />
        <entry key="common/c-base/src/main/res/drawable/bg_rect_background_radius_4.xml" value="0.5645833333333333" />
        <entry key="common/c-base/src/main/res/drawable/bg_rect_gray_radius_4.xml" value="0.5645833333333333" />
        <entry key="common/c-base/src/main/res/drawable/bg_rect_grey_f4f6f9_lower_radius_4.xml" value="0.5645833333333333" />
        <entry key="common/c-base/src/main/res/drawable/bg_rect_grey_f4f6f9_radius_2.xml" value="0.5645833333333333" />
        <entry key="common/c-base/src/main/res/drawable/bg_rect_grey_f4f6f9_upper_radius_4.xml" value="0.5645833333333333" />
        <entry key="common/c-base/src/main/res/drawable/bg_rect_grey_f7f9fa_radius_4.xml" value="0.5645833333333333" />
        <entry key="common/c-base/src/main/res/drawable/bg_rect_grey_radius_4.xml" value="0.5645833333333333" />
        <entry key="common/c-base/src/main/res/drawable/bg_rect_light_grey_radius_4.xml" value="0.5645833333333333" />
        <entry key="common/c-base/src/main/res/drawable/bg_rect_light_orange_radius_2.xml" value="0.39791666666666664" />
        <entry key="common/c-base/src/main/res/drawable/bg_rect_line_green_radius_2.xml" value="0.36944444444444446" />
        <entry key="common/c-base/src/main/res/drawable/bg_rect_mid_light_grey_radius_4.xml" value="0.5645833333333333" />
        <entry key="common/c-base/src/main/res/drawable/bg_rect_orange_radius_2.xml" value="0.36944444444444446" />
        <entry key="common/c-base/src/main/res/drawable/bg_rect_top_radius_8.xml" value="0.5645833333333333" />
        <entry key="common/c-base/src/main/res/drawable/bg_rect_white_10_radius_2.xml" value="0.5645833333333333" />
        <entry key="common/c-base/src/main/res/drawable/bg_rect_white_90_radius_8.xml" value="0.5645833333333333" />
        <entry key="common/c-base/src/main/res/drawable/bg_rect_white_bottom_radius_4.xml" value="0.5645833333333333" />
        <entry key="common/c-base/src/main/res/drawable/bg_rect_white_bottom_radius_8.xml" value="0.5645833333333333" />
        <entry key="common/c-base/src/main/res/drawable/bg_rect_white_radius_20_border.xml" value="0.5645833333333333" />
        <entry key="common/c-base/src/main/res/drawable/bg_rect_white_radius_4.xml" value="0.5645833333333333" />
        <entry key="common/c-base/src/main/res/drawable/bg_rect_white_radius_8.xml" value="0.5645833333333333" />
        <entry key="common/c-base/src/main/res/drawable/bg_round_disabled_grey.xml" value="0.5645833333333333" />
        <entry key="common/c-base/src/main/res/drawable/bg_round_disabled_orange.xml" value="0.5645833333333333" />
        <entry key="common/c-base/src/main/res/drawable/bg_round_enabled_grey.xml" value="0.5645833333333333" />
        <entry key="common/c-base/src/main/res/drawable/bg_round_gradient_dark_grey.xml" value="0.5645833333333333" />
        <entry key="common/c-base/src/main/res/drawable/bg_round_gradient_grey.xml" value="0.578125" />
        <entry key="common/c-base/src/main/res/drawable/bg_round_gradient_orange.xml" value="0.5645833333333333" />
        <entry key="common/c-base/src/main/res/drawable/bg_selector_btn_grey_round.xml" value="0.5645833333333333" />
        <entry key="common/c-base/src/main/res/drawable/bg_selector_btn_positive_round.xml" value="0.5645833333333333" />
        <entry key="common/c-base/src/main/res/drawable/bg_success_white.xml" value="0.5645833333333333" />
        <entry key="common/c-base/src/main/res/drawable/bg_tag_gradient_orange_half_radius_2.xml" value="0.5645833333333333" />
        <entry key="common/c-base/src/main/res/drawable/bg_tag_gradient_orange_radius_2.xml" value="0.5645833333333333" />
        <entry key="common/c-base/src/main/res/drawable/bg_tag_grey.xml" value="0.5645833333333333" />
        <entry key="common/c-base/src/main/res/drawable/bg_tag_light_grey.xml" value="0.5645833333333333" />
        <entry key="common/c-base/src/main/res/drawable/bg_tag_normal.xml" value="0.5645833333333333" />
        <entry key="common/c-base/src/main/res/drawable/bg_tag_slate_grey.xml" value="0.4925925925925926" />
        <entry key="common/c-base/src/main/res/drawable/bg_tag_solid_blue_radius_2.xml" value="0.5645833333333333" />
        <entry key="common/c-base/src/main/res/drawable/bg_tag_solid_orange_radius_2.xml" value="0.5536261491317671" />
        <entry key="common/c-base/src/main/res/drawable/bg_white_rect.xml" value="0.5416666666666666" />
        <entry key="common/c-base/src/main/res/drawable/bg_white_rect_.xml" value="0.5416666666666666" />
        <entry key="common/c-base/src/main/res/drawable/bg_white_rect_lower_radius_6.xml" value="0.5645833333333333" />
        <entry key="common/c-base/src/main/res/drawable/bg_white_rect_radius_4.xml" value="0.5645833333333333" />
        <entry key="common/c-base/src/main/res/drawable/bg_white_rect_radius_4_shadow_bottom.xml" value="0.5416666666666666" />
        <entry key="common/c-base/src/main/res/drawable/bg_white_rect_radius_4_without_stroke.xml" value="0.5645833333333333" />
        <entry key="common/c-base/src/main/res/drawable/bg_white_rect_radius_6.xml" value="0.5645833333333333" />
        <entry key="common/c-base/src/main/res/drawable/bg_white_rect_shadow_bottom.xml" value="0.5645833333333333" />
        <entry key="common/c-base/src/main/res/drawable/ic_arrow_down.xml" value="0.5645833333333333" />
        <entry key="common/c-base/src/main/res/drawable/ic_arrow_down_16.xml" value="0.5645833333333333" />
        <entry key="common/c-base/src/main/res/drawable/ic_arrow_down_40.xml" value="0.5645833333333333" />
        <entry key="common/c-base/src/main/res/drawable/ic_arrow_down_round.xml" value="0.5645833333333333" />
        <entry key="common/c-base/src/main/res/drawable/ic_arrow_down_round_activated.xml" value="0.5645833333333333" />
        <entry key="common/c-base/src/main/res/drawable/ic_arrow_down_small.xml" value="0.5645833333333333" />
        <entry key="common/c-base/src/main/res/drawable/ic_arrow_down_white.xml" value="0.5645833333333333" />
        <entry key="common/c-base/src/main/res/drawable/ic_arrow_right_18.xml" value="0.5645833333333333" />
        <entry key="common/c-base/src/main/res/drawable/ic_arrow_up.xml" value="0.5645833333333333" />
        <entry key="common/c-base/src/main/res/drawable/ic_arrow_up_16.xml" value="0.5645833333333333" />
        <entry key="common/c-base/src/main/res/drawable/ic_arrow_up_40.xml" value="0.5645833333333333" />
        <entry key="common/c-base/src/main/res/drawable/ic_arrow_up_round.xml" value="0.5645833333333333" />
        <entry key="common/c-base/src/main/res/drawable/ic_arrow_up_round_activated.xml" value="0.5645833333333333" />
        <entry key="common/c-base/src/main/res/drawable/ic_arrow_up_white.xml" value="0.5645833333333333" />
        <entry key="common/c-base/src/main/res/drawable/ic_cancel_16.xml" value="0.5645833333333333" />
        <entry key="common/c-base/src/main/res/drawable/ic_clear_history.xml" value="0.5645833333333333" />
        <entry key="common/c-base/src/main/res/drawable/ic_close.xml" value="0.5645833333333333" />
        <entry key="common/c-base/src/main/res/drawable/ic_close_18.xml" value="0.5645833333333333" />
        <entry key="common/c-base/src/main/res/drawable/ic_dot_red_16.xml" value="0.5645833333333333" />
        <entry key="common/c-base/src/main/res/drawable/ic_failed.xml" value="0.5645833333333333" />
        <entry key="common/c-base/src/main/res/drawable/ic_failed_16.xml" value="0.5645833333333333" />
        <entry key="common/c-base/src/main/res/drawable/ic_failed_22.xml" value="0.5645833333333333" />
        <entry key="common/c-base/src/main/res/drawable/ic_failed_white.xml" value="0.5645833333333333" />
        <entry key="common/c-base/src/main/res/drawable/ic_general_up.xml" value="0.3229166666666667" />
        <entry key="common/c-base/src/main/res/drawable/ic_light_off.xml" value="0.5645833333333333" />
        <entry key="common/c-base/src/main/res/drawable/ic_lightning.xml" value="0.5645833333333333" />
        <entry key="common/c-base/src/main/res/drawable/ic_radio_rect_disable_normal.xml" value="0.5645833333333333" />
        <entry key="common/c-base/src/main/res/drawable/ic_radio_rect_normal.xml" value="0.5645833333333333" />
        <entry key="common/c-base/src/main/res/drawable/ic_rejected.xml" value="0.5645833333333333" />
        <entry key="common/c-base/src/main/res/drawable/ic_remove_circle.xml" value="0.5645833333333333" />
        <entry key="common/c-base/src/main/res/drawable/ic_remove_circle_14.xml" value="0.5645833333333333" />
        <entry key="common/c-base/src/main/res/drawable/ic_scan_18.xml" value="0.5645833333333333" />
        <entry key="common/c-base/src/main/res/drawable/ic_subtract.xml" value="0.5645833333333333" />
        <entry key="common/c-base/src/main/res/drawable/ic_success_16.xml" value="0.5645833333333333" />
        <entry key="common/c-base/src/main/res/drawable/ic_success_22.xml" value="0.5645833333333333" />
        <entry key="common/c-base/src/main/res/drawable/ic_success_white.xml" value="0.5645833333333333" />
        <entry key="common/c-base/src/main/res/drawable/ic_support_team.xml" value="0.5645833333333333" />
        <entry key="common/c-base/src/main/res/drawable/ic_tick_transparent.xml" value="0.5645833333333333" />
        <entry key="common/c-base/src/main/res/drawable/ic_tip_16.xml" value="0.5645833333333333" />
        <entry key="common/c-base/src/main/res/drawable/ic_tip_24.xml" value="0.5645833333333333" />
        <entry key="common/c-base/src/main/res/drawable/ic_tip_new_18.xml" value="0.5645833333333333" />
        <entry key="common/c-base/src/main/res/drawable/icon_successful.xml" value="0.5645833333333333" />
        <entry key="common/c-base/src/main/res/layout/common_layout_titlebar.xml" value="0.37864583333333335" />
        <entry key="example/src/main/res/layout/activity_main.xml" value="0.37864583333333335" />
        <entry key="home/src/main/res/layout/activity_home_main.xml" value="0.1" />
        <entry key="login/src/main/res/layout/login_activity_login.xml" value="0.365036231884058" />
        <entry key="login/src/main/res/layout/login_activity_main.xml" value="0.365036231884058" />
        <entry key="ui/spx-ui-lib/src/main/res/layout/spx_ui_layout_new_edit.xml" value="0.24166666666666667" />
        <entry key="ui/spx-ui-lib/src/main/res/layout/spx_ui_layout_search_title.xml" value="0.37864583333333335" />
        <entry key="ui/ui-library/src/main/res/layout/ui_library_dialog_single_choice.xml" value="0.37864583333333335" />
        <entry key="ui/ui-library/src/main/res/layout/ui_library_dialog_single_choice_round.xml" value="0.37864583333333335" />
        <entry key="ui/ui-library/src/main/res/layout/ui_library_layout_common_title.xml" value="0.37864583333333335" />
        <entry key="web-js/src/main/res/layout/web_js_activity_web.xml" value="0.37864583333333335" />
        <entry key="web-js/src/main/res/layout/web_js_activity_web_debug_entry.xml" value="0.37864583333333335" />
      </map>
    </option>
  </component>
</application>