<application>
  <component name="AppStorage">
    <histories>
      <item value="Set a value value in the Binding class. &lt;p&gt; Typically, the developer will be able to call the subclass's set method directly. For example, if there is a variable &lt;code&gt;x&lt;code&gt; in the Binding, a &lt;code&gt;setX&lt;code&gt; method will be generated. However, there are times when the specific subclass of ViewDataBinding is unknown, so the generated method cannot be discovered without reflection. The setVariable call allows the values of variables to be set without reflection. @param variableId the BR id of the variable to be set. For example, if the variable is &lt;code&gt;x&lt;code&gt;, then variableId will be &lt;code&gt;BR.x&lt;code&gt;. @param value The new value of the variable to be set. @return &lt;code&gt;true&lt;code&gt; if the variable is declared or used in the binding or &lt;code&gt;false&lt;code&gt; otherwise." />
    </histories>
  </component>
  <component name="Cache">
    <option name="lastTrimTime" value="1629082295187" />
  </component>
</application>